﻿"タイトル","URL","コメント","基本情報","リストタイトル","親URL","一覧検索方法"
"海王星","/wiki/海王星","[海王星]","タイトル: 海王星 - Wikipedia\\n序文: 海王星 （かいおうせい、 英語 : Neptune   ）は、 太陽系 の第8 惑星 で、太陽系の惑星の中では一番外側を 公転 している。直径は4番目、質量は3番目に大きく、 地球 の17倍の質量を持ち、太陽系の ガス惑星 としては最も密度が高い。海王星は組成が類似し直径がやや大きい 天王星 の質量（地球の15倍）よりもわずかに大きい  。164.8 年 かけて公転しており、太陽からは平均30.1 au （約45億 km）離れている。名称は、 ローマ神話 における海神 ネプトゥーヌス に因んで命名され、 惑星記号 「♆」はネプトゥーヌスが持つ 三叉槍 を様式化したものである。\\n基本情報: \\n見かけの等級\,(m\,v\,): 7.67 - 8.00\\n視直径: 2.2 - 2.4\"\"\\n分類: 天王星型惑星\\n発見年: 1846年9月23日\\n発見者: ユルバン・ルヴェリエジョン・アダムズヨハン・ガレ\\n発見場所:  ドイツ・ベルリン\\n発見方法: 望遠鏡による観測\\n平均\,公転\,半径: 4\,495\,060\,000 km\\n軌道長半径\,(\,a\,): 30.048au\\n近日点\,距離\,(\,q\,): 29.886 au\\n遠日点\,距離\,(\,Q\,): 30.216 au\\n離心率\,(\,e\,): 0.00858587\\n公転周期\,(\,P\,): 164.79年60\,189地球日89\,666 海王星太陽日\\n会合周期: 367.49 日\\n平均\,軌道速度: 5.43 km/s\\n軌道傾斜角\,(\,i\,): 1.76917°（黄道面に対して）6.43°（太陽の赤道面に対して）0.725429°（不変面に対して）\\n近日点黄経\,(\,ϖ\,{\\displaystyle \\varpi }\,): 44.97135°\\n昇交点黄経\,(Ω): 131.72169°\\n平均黄経\,(\,L\,): 304.88003°\\n衛星の数: 14\\n半径: 24\,622 ± 19 km\\n赤道半径: 24\,764 ± 15 km\\n極半径: 24\,341 ± 30 km\\n表面積: 7.6183×109km2\\n体積: 6.254×1013km3\\n質量: 1.02413×1026kg\\n地球\,との\,相対質量: 17.147\\n平均\,密度: 1.638g/cm3\\n表面\,重力: 11.15m/s2（1.14g）\\n脱出速度: 23.5 km/s\\n自転周期: 0.671日（16時間6分36秒）\\nアルベド\,（反射能）: 0.290（ボンドアルベド）0.442（幾何アルベド）\\n赤道傾斜角: 28.32°\\n表面\,温度: 46.6K（温室効果なし）72 K（気圧1 barにおいて）55 K（気圧0.1 barにおいて）\\n大気圧: 深さによって異なる\\n水素: 80 ± 3.2%\\nヘリウム: 19 ± 3.2%\\nメタン: 1.5 ± 0.5%\\n重水素化水素: ~0.019%\\nエタン: ~0.00015%\\n氷の成分\,[2]: アンモニア水硫化水素アンモニウムメタン?\\n","Category_太陽系の惑星","https://ja.wikipedia.org/wiki/Category:太陽系の惑星","箇条書き\,制限あり"
"外惑星","/wiki/外惑星","[外惑星]","タイトル: 外惑星 - Wikipedia\\n序文: 外惑星 （がいわくせい）は 太陽系 の 惑星 のうち、 地球 よりも太陽から遠い軌道をめぐる惑星の事である。\\n基本情報: \\n","Category_太陽系の惑星","https://ja.wikipedia.org/wiki/Category:太陽系の惑星","箇条書き\,制限あり"
"火星","/wiki/火星","[火星]","タイトル: 火星 - Wikipedia\\n序文: 火星 （かせい、 羅 : Mars 、マールス、 英 : Mars 、マーズ、 希 : Άρης 、アレース）は、 太陽系 の 太陽 に近い方から4番目の 惑星 で、太陽系内では 水星 より大きく2番目に小さい惑星である。英語では火星は ローマ神話の軍神の名 を持ち、しばしば「 赤い惑星 ( Red Planet )」と呼ばれる   。赤い惑星とは、火星の表面に存在する 酸化鉄 の影響で、肉眼で見える天体の中でも独特の赤みを帯びた外観を持つことを指す。火星は大気の薄い 地球型惑星 で、 月 の衝突 クレーター や 地球 の谷、砂漠、 極地の氷冠 を思わせるような表面形状をしている。\\n基本情報: \\n仮符号\,・別名: 炎星、災星、夏日星、熒惑\\n分類: 地球型惑星\\n軌道\,の種類: 外惑星\\n発見方法: 目視\\n平均\,公転\,半径: 227\,920\,000 km\\n近日点\,距離\,(\,q\,): 1.405au\\n遠日点\,距離\,(\,Q\,): 1.639 au\\n離心率\,(\,e\,): 0.09341233\\n公転周期\,(\,P\,): 686.980 日（1.881 年）\\n会合周期: 779.94 日\\n平均\,軌道速度: 24.07 km/s\\n軌道傾斜角\,(\,i\,): 1.85061°\\n近日点黄経\,(\,ϖ\,{\\displaystyle \\varpi }\,): 336.04084°\\n昇交点黄経\,(Ω): 49.57854°\\n平均黄経\,(\,L\,): 355.45332°\\n衛星の数: 2（フォボス、ダイモス）\\n赤道\,面での\,直径: 6\,794.4 km\\n赤道半径: 3\,396.2km\\n極半径: 3\,376.2 km\\n表面積: 1.44×108km2\\n体積: 1.6318×1011km3\\n質量: 6.4171×1023kg\\n地球\,との\,相対質量: 0.10745\\n平均\,密度: 3.933g/cm3\\n表面\,重力: 3.71m/s2\\n脱出速度: 5.03 km/s\\n自転周期: 24.6597 時間（1.027 日）\\nアルベド\,（反射能）: 0.250\\n赤道傾斜角: 25.19°\\n表面\,温度: 最低平均最高133K210 K293 K\\n大気圧: 0.7-0.9kPa\\n二酸化炭素: 95.32%\\n窒素: 2.7%\\nアルゴン: 1.6%\\n酸素: 0.13%\\n一酸化炭素: 0.08%\\n水\,蒸気\,一酸化窒素\,ネオン\,クリプトン\,キセノン\,オゾン: 微量\\n","Category_太陽系の惑星","https://ja.wikipedia.org/wiki/Category:太陽系の惑星","箇条書き\,制限あり"
"金星","/wiki/金星","[金星]","タイトル: 金星 - Wikipedia\\n序文: 金星 （きんせい、 ラテン語 : Venus 、 英語 : Venus ）は、 太陽系 で 太陽 に近い方から2番目の 惑星 。また、 地球 にもっとも近い 公転軌道 を持つ惑星である。\\n基本情報: \\n仮符号\,・別名: 明星明けの明星・宵の明星太白\\n分類: 地球型惑星\\n軌道\,の種類: 内惑星\\n発見方法: 目視\\n太陽\,からの平均距離: 0.72333199au\\n平均\,公転\,半径: 108\,208\,930km\\n近日点\,距離\,(\,q\,): 0.718 au\\n遠日点\,距離\,(\,Q\,): 0.728 au\\n離心率\,(\,e\,): 0.00677323\\n公転周期\,(\,P\,): 224.701 日（0.615207 年）\\n会合周期: 583.92 日\\n平均\,軌道速度: 35.0214km/s\\n軌道傾斜角\,(\,i\,): 3.39471度\\n近日点引数\,(ω): 131.6758 度\\n昇交点黄経\,(Ω): 76.7520 度\\n平均近点角\,(\,M\,): 182.7158 度\\n衛星の数: 0\\n赤道\,面での\,直径: 12\,103.6 km\\n表面積: 4.60×108km2\\n質量: 4.869×1024kg\\n地球\,との\,相対質量: 0.81500\\n平均\,密度: 5.20g/cm3\\n表面\,重力: 8.87m/s2\\n脱出速度: 10.36 km/s\\n自転周期: 243.0187 日（逆行）116.7506 日（対太陽）\\nアルベド\,（反射能）: 0.65\\n赤道傾斜角: 177.36 度\\n表面\,温度: 最低平均最高228K737 K773 K\\n大気圧: 9\,321.9kPa\\n二酸化炭素: 約96.5%\\n窒素: 約3.5%\\n二酸化硫黄: 0.015%\\n水\,蒸気: 0.002%\\n一酸化炭素: 0.0017%\\nアルゴン: 0.007%\\nヘリウム: 0.0012%\\nネオン: 0.0007%\\n硫化カルボニル: わずか\\n塩化水素: わずか\\nフッ化水素: わずか\\n","Category_太陽系の惑星","https://ja.wikipedia.org/wiki/Category:太陽系の惑星","箇条書き\,制限あり"
"五星","/wiki/五星","[五星]","タイトル: 五星 - Wikipedia\\n序文: 五星 （ごせい）は、 太陽系 の 惑星 のうち 水星 ・ 金星 ・ 火星 ・ 木星 ・ 土星 の5つ。\\n基本情報: \\n","Category_太陽系の惑星","https://ja.wikipedia.org/wiki/Category:太陽系の惑星","箇条書き\,制限あり"
"水星","/wiki/水星","[水星]","タイトル: 水星 - Wikipedia\\n序文: 水星 （すいせい、 英語 ：Mercury マーキュリー、 ラテン語 ：Mercurius）は、 太陽系 に属する 惑星 の1つで、惑星の中で 太陽 に最も近い公転軌道を周回している。岩石質の「 地球型惑星 」に分類され、太陽系惑星の中で大きさ、質量ともに最小である  。\\n基本情報: \\n仮符号\,・別名: 辰星\\n分類: 地球型惑星\\n軌道\,の種類: 内惑星\\n発見年: 紀元前\\n発見方法: 目視\\n太陽\,からの平均距離: 0.38709893au\\n平均\,公転\,半径: 57910000 km\\n近日点\,距離\,(\,q\,): 0.313 au\\n遠日点\,距離\,(\,Q\,): 0.459 au\\n離心率\,(\,e\,): 0.20563069\\n公転周期\,(\,P\,): 87日 23.3時間（0.241 年）\\n会合周期: 115.88 日\\n平均\,軌道速度: 47.36km/s\\n軌道傾斜角\,(\,i\,): 7.00487°\\n近日点黄経\,(\,ϖ\,{\\displaystyle \\varpi }\,): 77.45645°\\n昇交点黄経\,(Ω): 48.33167°\\n平均黄経\,(\,L\,): 252.25084°\\n衛星の数: 0\\n赤道\,面での\,直径: 4\,879.4 km\\n表面積: 7.4797×107km2\\n体積: 6.082721×1010km3\\n質量: 3.301×1023kg\\n地球\,との\,相対質量: 0.0553\\n平均\,密度: 5.427g/cm3\\n表面\,重力: 3.70m/s2\\n脱出速度: 4.25 km/s\\n自転周期: 58日 15.5088時間（恒星日）175.84 日（太陽日）\\nアルベド\,（反射能）: 0.065-0.071（球面）0.137-0.147（幾何学値）\\n赤道傾斜角: ≦0.027 度\\n表面\,温度: 623K（日中）103 K（夜間）\\n表面\,温度: 最低平均最高90 K440 K700 K\\n大気圧: 10×10−10Pa、10×10−7Pa\\n大気成分\,[1]: ナトリウムマグネシウム酸素水素カリウムカルシウム鉄アルミニウムアルゴン（微量）二酸化炭素（微量）水（微量）窒素（微量）キセノン（微量）クリプトン（微量）ネオン（微量）ヘリウム（微量）\\n","Category_太陽系の惑星","https://ja.wikipedia.org/wiki/Category:太陽系の惑星","箇条書き\,制限あり"
"地球","/wiki/地球","[地球]","タイトル: 地球 - Wikipedia\\n序文: 地球 （ちきゅう、 羅 : Terra 、 英 : Earth ）は、 人類 を含む多種多様な生命体が生存する天体で、 太陽系 の 惑星 の1つ  。 太陽 から3番目に近く、表面に 水 、空気中に 酸素 を大量に蓄え、多様な 生物 が生存することを特徴とする惑星である  。\\n基本情報: \\n仮符号\,・別名: ラテン語:Terra、英語:Earth\\n分類: 地球型惑星\\n平均\,公転\,半径: 1.49597870700×1011 m\\n近日点\,距離\,(\,q\,): 1.471×108km\\n遠日点\,距離\,(\,Q\,): 1.521×108km\\n離心率\,(\,e\,): 0.01671022\\n公転周期\,(\,P\,): 365.256363004日（恒星年）365.242190402 日（太陽年）\\n平均\,軌道速度: 29.78 km/s\\n軌道傾斜角\,(\,i\,): 0.002°\\n近日点黄経\,(\,ϖ\,{\\displaystyle \\varpi }\,): 102.985°\\n昇交点黄経\,(Ω): 174.838°\\n衛星の数: 1（月）\\n赤道\,面での\,直径: 12 756.274 km\\n半径: 6356.752 km（極半径）\\n外周: 40075.017 km（赤道周長）\\n表面積: 5.100656×108 km2\\n体積: 1.083207×1012 km3\\n質量: 5.972×1024kg、5.9726×1024 kg\\n太陽\,との\,相対質量: 3.0404×10−6\\n月との\,相対質量: 81.3008\\n平均\,密度: 5514kg/m3\\n脱出速度: 11.186km/s\\n自転周期: 23時間56分4.0905秒（恒星日）24 時間 + 1から2ミリ秒程度（平均太陽日(LOD)）\\nアルベド\,（反射能）: 0.367\\n赤道傾斜角: 23.44°(元期2014年5月23.0日TT）\\n表面\,温度: 最低平均最高184K288 K333 K\\n年齢: 約46億年\\n大気圧: 101.325kPa\\n平均\,気温: 15 ℃ (−70 ℃ – +55 ℃)\\n窒素: 78.08%（体積比）\\n酸素: 20.95%（体積比）\\nアルゴン: 0.93%（体積比）\\n二酸化炭素: 0.038%（体積比）\\n水蒸気: 約1%（測定点の気候により変動）\\n","Category_太陽系の惑星","https://ja.wikipedia.org/wiki/Category:太陽系の惑星","箇条書き\,制限あり"
"ティティウス・ボーデの法則","/wiki/ティティウス・ボーデの法則","[ティティウス・ボーデの法則]","タイトル: ティティウス・ボーデの法則 - Wikipedia\\n序文: ティティウス・ボーデの法則 （ティティウス・ボーデのほうそく、 英語 : Titius–Bode law ）とは、 太陽系 の 惑星 の 太陽 からの距離は簡単な 数列 で表せるという法則。 チチウス・ボーデの法則 、 ボーデの法則 ともいう  。\\n基本情報: \\n","Category_太陽系の惑星","https://ja.wikipedia.org/wiki/Category:太陽系の惑星","箇条書き\,制限あり"
"天王星","/wiki/天王星","[天王星]","タイトル: 天王星 - Wikipedia\\n序文: 天王星 （てんのうせい、Uranus）は、 太陽系 第7 惑星 である。太陽系の惑星の中で 木星 、 土星 に次ぎ3番目に大きい。 1781年 3月13日 、 イギリス の 天文学者 ウィリアム・ハーシェル により発見された。名称は、 ギリシア神話 における天の神 ウーラノス （ Ουρανός 、ラテン文字転写: Ouranos）の ラテン語 形である。\\n基本情報: \\n仮符号\,・別名: ハーシェル (Herschel)\\n分類: 天王星型惑星\\n軌道\,の種類: 外惑星\\n発見日: 1781年3月13日\\n発見者: ウィリアム・ハーシェル\\n発見方法: 自宅の望遠鏡による観測\\n太陽\,からの平均距離: 19.21845au\\n平均\,公転\,半径: 2\,870\,990\,000 km\\n近日点\,距離\,(\,q\,): 18.286 au\\n遠日点\,距離\,(\,Q\,): 20.096 au\\n離心率\,(\,e\,): 0.04638\\n公転周期\,(\,P\,): 84.25301 年\\n会合周期: 369.66 日\\n平均\,軌道速度: 　6.81km/s\\n軌道傾斜角\,(\,i\,): 0.7733度\\n近日点引数\,(ω): 173.1242 度\\n昇交点黄経\,(Ω): 74.0476 度\\n平均黄経\,(\,L\,): 348.4382 度\\n衛星の数: 27\\n赤道\,面での\,直径: 51\,118 km\\n表面積: 8.13×109km2\\n質量: 8.686×1025kg\\n地球\,との\,相対質量: 14.536\\n平均\,密度: 1.32 g/cm3\\n表面\,重力: 7.77 m/s2\\n脱出速度: 21.30 km/s\\n自転周期: 17時間14分（0.7183 日）（逆行）\\nアルベド\,（反射能）: 0.51\\n赤道傾斜角: 97.86 度\\n表面\,温度: 最低平均最高59K68 Kn/a\\n大気圧: 深さによって異なる\\n水素: 83%\\nヘリウム: 15%\\nメタン: 1.99%\\nアンモニア: 0.01%\\nエタン: 0.00025%\\nアセチレン: 0.00001%\\n一酸化炭素\,硫化水素: 微量\\n","Category_太陽系の惑星","https://ja.wikipedia.org/wiki/Category:太陽系の惑星","箇条書き\,制限あり"
"土星","/wiki/土星","[土星]","タイトル: 土星 - Wikipedia\\n序文: 土星 （どせい、 ラテン語 : Saturnus 、 英語 : Saturn 、 ギリシア語 : Κρόνος ）は、 太陽 から6番目の、 太陽系 の中では 木星 に次いで2番目に大きな 惑星 である。 巨大ガス惑星 に属する土星の平均半径は 地球 の約9倍に当たる   。平均 密度 は地球の1/8に過ぎないため、巨大な体積のわりに質量は地球の95倍程度である    。そのため、木星型惑星の一種と分類されている。\\n基本情報: \\n仮符号\,・別名: 鎮星、填星\\n分類: 木星型惑星\\n軌道\,の種類: 外惑星\\n発見方法: 目視\\n太陽\,からの平均距離: 9.55491au\\n平均\,公転\,半径: 1\,426\,725\,400 km\\n近日点\,距離\,(\,q\,): 9.021 au\\n遠日点\,距離\,(\,Q\,): 10.054 au\\n離心率\,(\,e\,): 0.05552\\n公転周期\,(\,P\,): 29.53216 年\\n会合周期: 378.09 日\\n平均\,軌道速度: 9.6724km/s\\n軌道傾斜角\,(\,i\,): 2.4886度\\n近日点引数\,(ω): 93.2143 度\\n昇交点黄経\,(Ω): 113.7357 度\\n平均近点角\,(\,M\,): 147.9416 度\\n衛星の数: 83 (86)\\n赤道\,面での\,直径: 120\,536 km\\n表面積: 4.38×1010km2\\n質量: 5.688×1026kg\\n地球\,との\,相対質量: 95.16254888\\n平均\,密度: 0.70g/cm3\\n表面\,重力: 8.96m/s2\\n脱出速度: 35.49 km/s\\n自転周期: 10時間 13分 59秒（赤道面）10時間 32分 45秒（極）\\nアルベド\,（反射能）: 0.47\\n赤道傾斜角: 25.33 度\\n表面\,温度: 93K（雲の最上層）\\n表面\,温度: 最低平均最高82K143Kn/a\\n大気圧: 140kPa\\n水素: >93%\\nヘリウム: >5%\\nメタン: 0.2%\\n水蒸気: 0.1%\\nアンモニア: 0.01%\\nエタン: 0.0005%\\nホスフィン: 0.0001%\\n","Category_太陽系の惑星","https://ja.wikipedia.org/wiki/Category:太陽系の惑星","箇条書き\,制限あり"
"内惑星","/wiki/内惑星","[内惑星]","タイトル: 内惑星 - Wikipedia\\n序文: 内惑星 （ ないわくせい ）は、 太陽系 の 惑星 のうち、 地球 よりも 太陽 に近い軌道をめぐる惑星のことである。\\n基本情報: \\n","Category_太陽系の惑星","https://ja.wikipedia.org/wiki/Category:太陽系の惑星","箇条書き\,制限あり"
"木星","/wiki/木星","[木星]","タイトル: 木星 - Wikipedia\\n序文: 木星 （もくせい）は 太陽系 にある 惑星 の1つで、内側から5番目の公転軌道を周回している第5惑星である  。太陽系の中で大きさ、質量ともに最大の惑星である  。\\n基本情報: \\n仮符号\,・別名: 歳星\\n分類: 木星型惑星\\n軌道\,の種類: 外惑星\\n発見年: 有史以前\\n発見方法: 目視\\n太陽\,からの平均距離: 5.20260au\\n平均\,公転\,半径: 778\,412\,010 km\\n近日点\,距離\,(\,q\,): 4.952 au\\n遠日点\,距離\,(\,Q\,): 5.455 au\\n離心率\,(\,e\,): 0.04851\\n公転周期\,(\,P\,): 11.86155年\\n会合周期: 398.88日\\n平均\,軌道速度: 13.0697km/s\\n軌道傾斜角\,(\,i\,): 1.3028度\\n近日点引数\,(ω): 14.4602度\\n昇交点黄経\,(Ω): 100.5461度\\n平均近点角\,(\,M\,): 277.2142度\\n衛星の数: 80\\n赤道\,面での\,直径: 142\,984 km\\n半径: （平均）69\,911 ± 6km\\n表面積: 6.21796×1010km2\\n体積: 1.43128×1015km3\\n質量: 1.8986×1027kg\\n地球\,との\,相対質量: 317.8\\n平均\,密度: 1.326g/cm3\\n表面\,重力: 24.79m/s2\\n脱出速度: 59.5 km/s\\n自転周期: 9時間55.5分（0.4135 日）\\nアルベド\,（反射能）: 0.52 (geom.)\\n赤道傾斜角: 3.13度\\n表面\,温度: 最低平均最高110K152 Kn/a\\n大気圧: 70 kPa\\n水素: >81%\\nヘリウム: >17%\\nメタン: 0.1%\\n水\,蒸気: 0.1%\\nアンモニア: 0.02%\\nエタン: 0.0002%\\nホスフィン: 0.0001%\\n硫化水素: <0.0001%\\n","Category_太陽系の惑星","https://ja.wikipedia.org/wiki/Category:太陽系の惑星","箇条書き\,制限あり"
"惑星記号","/wiki/惑星記号","[惑星記号]","タイトル: 惑星記号 - Wikipedia\\n序文: 惑星記号 （わくせいきごう）は、 太陽系 の 惑星 を表す記号のことである。また、一部の 歴史的に惑星とされたことがある天体 や、天文学では惑星とされたことのない天体に対応する記号のことでもある。\\n基本情報: \\n","Category_太陽系の惑星","https://ja.wikipedia.org/wiki/Category:太陽系の惑星","箇条書き\,制限あり"
"惑星の命名法","/wiki/惑星の命名法","[惑星の命名法]","タイトル: 惑星の命名法 - Wikipedia\\n序文: 惑星の命名法 (Planetary nomenclature) は、 国際天文学連合 が定める惑星や衛星の地物の学名命名法  。地球上の学名命名法と同様に、惑星や衛星の地物について、容易にその位置を示したり、記述したり、議論したりできることを目的として、惑星や衛星の表面の地物を識別するために使用される  。\\n基本情報: \\n","Category_太陽系の惑星","https://ja.wikipedia.org/wiki/Category:太陽系の惑星","箇条書き\,制限あり"
